Irene Morgan :: Irene Kirkaldy :: Irene Morgan Kirkaldy :: Irene Morgan v. Commonwealth of Virginia
Yael :: Jael
1998–99 Huddersfield Town F.C. season :: 1998-99 Huddersfield Town F.C. season :: Huddersfield Town F.C. season 1998-99 :: Huddersfield Town F.C. season 1998–99
Hillebrand :: R.E. Hillebrand :: R. E. Hillebrand
Disney's Aladdin: A Musical Spectacular :: Aladdin: A Musical Spectacular
Law enforcement in New York :: New York City special patrolmen :: Nyc special patrolman
Alexander Haig :: Alexander Hague :: Alexander Haig, Jr. :: Alexander Meigs Haig :: Alexander Meigs Haig Jr. :: Alexander Meigs Haig, Jr. :: Alexander M. Haig :: Alexander M. Haig Jr. :: Alexander M. Haig, Jr. :: Haig, Alexander :: Haigspeak :: Regina Haig Meredith
Orlando Zapata :: Orlando Zapata Tamayo
Lashkar-e-Taiba :: Army of Pure :: Jamaat al Daawa :: Jam'aat al Daw'ah :: Jamaat-ud Daawa :: Jamaat ud dawa :: Jamaat-ud-Dawa :: Jamaatud Dawa :: Jama'at ud Da'wah :: Jama'at-ud-Da'wah :: Jamaat-ud-Dawah :: Jamaat ud Dawa il al Quran al Sunnat :: Jama'at ul Da'wa :: Jama' AT UL Dawa AL Qurani :: Jamat ud dawa :: Jamat-ud-Dawa :: Jamatud Dawa :: Jammat-ud-Dawa :: Lakshar e-Taiba :: Lashgar-E-Taiba :: Lashkar-Al-Tayibah :: Lashkar a-Tayeb :: Lashkar-a-Tayyiba :: Lashkar e taiba :: Lashkar e-Taiba :: Lashkar-e-Taiba training camps :: Lashkar-e-Tayba :: Lashkar-e-Tayiba :: Lashkar-e Tayibais :: Lashkar e Tayyaba :: Lashkar-e-Tayyaba :: Lashkar e Tayyiba :: Lashkar e-Tayyiba :: Lashkar-e Tayyiba :: Lashkar-e-Tayyiba :: Lashkar-E-Tayyiba :: Lashkar-e-Tayyiba training camp :: Lashkar E Tayyiba training camp :: Lashkar e toiba :: Lashkar e Toiba :: Lashkar-e-Toiba :: Lashkar-e-Toiba training camps :: Lashkar-i-Taiba :: Lashkar-i-Tayyaba :: Lashkar-I-Tayyiba :: Lashkar-i-Toiba :: Lashkar Taiba :: Lashker-e-Taiba :: Lashkhar-e-Tayyiba :: Laskar-E-Taiba :: Laskar-e taiyyiba :: Laškar-ĕ ṯaiyyiba :: Laskar-e-Toiba :: LeT :: Lushker Al-Tayeba :: Markaz Daw'a wal Irshad :: Markaz Dawa-Wal-Irshad :: Markaz-ud-Dawa-irshad :: Markaz-ud-Dawa-wal-irshad :: Markaz-ud-Dawa-wal-Irshad :: Markaz-ud-Dawa-wil-Irshad :: لشكرِ طيبه
Millipore Corporation :: Chemicon :: Millipore Corp.
Joseph Farland :: Joseph Simpson Farland
American Association of University Women :: AAUW :: American association of university women :: Association of Collegiate Alumnae
Jade Goody :: Jade Cerisa Lorraine Goody :: Jade Goodey :: Jade Goodie :: Jade tweed :: Jade Tweed :: Jane Goody
Moore Reservoir :: Moore Lake :: Moore reservoir
Association of Greek Tourism Enterprises :: Association of greek tourism enterprises
102d Intelligence Wing :: 102d Air Defense Wing :: 102d Air Operations Group :: 102d Fighter Group :: 102d Fighter-Interceptor Group :: 102d Fighter Interceptor Wing :: 102d Fighter-Interceptor Wing :: 102d Fighter Wing :: 102d Tactical Fighter Group :: 102d Tactical Fighter Wing :: 102 FW :: 102 iw :: 102nd Air Defense Wing :: 102nd Fighter Group :: 102nd Fighter Interceptor Group :: 102nd Fighter Interceptor Wing :: 102nd Fighter Wing :: 102nd fw :: 102nd FW :: 102nd Intelligence Wing :: 102nd iw :: 102nd Tactical Fighter Wing :: 202d Weather Flight :: 202nd Weather Flight
New York Immigration Coalition :: The New York Immigration Coalition
2009 Collier Township shooting :: 2009 Bridgeville gym shooting :: 2009 Collier Township PA. Shooting :: 2009 LA Fitness shooting :: Collier Township Shooting of 2009 :: George Sodini :: LA Fitness shooting
Inzell :: Innzell
William Verity, Jr. :: Calvin Verity :: Calvin William Verity :: Calvin William Verity Jr. :: Calvin W. Verity :: C. William Verity :: C. William Verity Jr. :: C. William Verity, Jr. :: William Verity :: William Verity Jr :: William Verity Jr.
Dorodnitsyn Computing Centre :: Dorodnicyn Computing Centre
Illinois's 7th congressional district :: IL-07 :: Illinois' 7th congressional district :: United States House of Representatives, Illinois District 7
Mail sorter :: Mail Sorter
Ural Federal University :: UrFU
Patterson-UTI :: Patterson-UTI Drilling :: Patterson-UTI Energy :: Patterson-UTI Energy, Inc :: Patterson-UTI Drilling Co.
Glacier Media :: Glacier Media Group :: Glacier Media Inc. :: Glacier Newspaper Group
The Song of the Volga Boatmen :: Dubinushka :: Song of the Volga Boatmen :: The Volga Boatman's Song :: The Volga Boatmen :: The Volga Boatmen's Song :: Volga Boat Men :: Volga boatmen's song
H I region :: H I :: H I profile :: HI region :: HI Region :: H. I. Region
American Automobile Association :: AAA Life Insurance Company :: Automobile Association of America :: Automobile Association of Southern California :: Mantill Williams :: The Auto Club Group :: Triptik :: TripTik
Ali Akbar Khan :: Signature Series Vol 1 :: Signature Series Vol 2 :: Signature Series Vol 3 :: Signature Series Vol 4 :: Ustad ali akbar kahn :: Ustad Ali Akbar Khan
Noretta :: Peculiar Jacques
I Am a Pole :: I am a pole :: I Am A Pole
Francis Kline :: Francis kline
Order of the Apostles of the Last Days :: Apostles of the Latter Times
Norris Church Mailer :: Norris Church
Nenadović :: Nenadovic :: Nenadovich
Latin American Parliament :: Parlatino :: Treaty of Institutionalization :: Central American Parliament :: PARLACEN
2008 1000 km of Silverstone :: 2008 1000km of Silverstone
Semen Indonesia :: Semen Gresik
Ironbridge Gorge :: Severn gorge :: Severn Gorge :: The Gorge, Shropshire
Scorpions :: Achim Kirschning :: Directorate of Special Operations :: Hivzo's Scorpions :: Karl-Heinz Follmer :: Lothar Heimberg :: Love at First Sting Tour :: Ralph Rieckermann :: Rudy Lenners :: Scorpions by Walter Dean Myers :: Skorpioni :: Škorpioni :: The Scorpions
Leodamas of Thasos :: Leodamas
Louise Lee :: Lee Sze Kei :: Li Siqi :: Louise Li :: 李司棋
United Steelworkers :: Steelworkers :: United Paperworkers' International Union :: United Rubber Workers :: United Steel, Paper and Forestry, Rubber, Manufacturing, Energy, Allied Industrial :: United Steel, Paper and Forestry, Rubber, Manufacturing, Energy, Allied Industrial and Service Workers International Union :: United Steel, Paper and Forestry, Rubber, Manufacturing, Energy, Allied Industrial & Service Workers International Union :: United Steel Workers :: United Steelworkers of America :: United Steel Workers of America :: United States Steel Corp. :: United Steelworkers Union :: steelworkers :: steelworkers union :: U.S. Steel Corporation
San Jerónimo Tecuanipan :: San Jeronimo Tecuanipan
Iberogast :: STW5
Richmond Flowers :: Richmond Flowers, Jr. :: Richmond McDavid Flowers
Art Buchwald :: Arthur Buchwald
Salem, South Dakota :: Salem, SD
USA Network :: 1-800-USA-1000 :: The USA Network :: UA/COL :: UA-Columbia :: USAHD :: Usa network :: USA network :: USA Network HD :: USA Network Sports :: USA (TV network
New Sinhala Heritage :: Nava Sihala Urumaya :: Nawa Sihala Urumaya
Catherine Roraback :: Catherine Gertrude Roraback
Hundred Guilder Print :: 100 guilder print :: The Hundred Guilder Print :: The Hundred Guilders Print
Silvestre S. Herrera :: Silvestre Herrera :: Silvestre Santana Herrera
Michael L. W. Thewalt :: Michael L.W. Thewalt
Harry Dent :: Harry dent :: Harry S. Dent :: Harry S Dent Jr :: Harry S. Dent, Jr. :: Harry Shuler Dent
Urja Nagar :: Urja nagar
Holmes County, Florida :: Holmes County, FL
Menlo Park, California :: East Menlo Park, CA :: East Menlo Park, California :: German-American International School :: Menlo Park :: Menlo Park, CA :: UN/LOCODE:USMKU
Mike Penner :: Christine Daniels
Council of Mortgage Lenders :: Council of mortgage lenders
Yeongheungdo :: Yeongheung Island
Agencies of British India :: Agencies of british india
Tim Anderson :: Timo Anderson :: Timothy Michael Anderson :: William Anderson :: William Tim Anderson
John Henebry :: John P. Henebry
Martial Yao :: Martial Yao Kouassi
PLOS :: Plos :: PLoS :: Plos.org :: Public Library of Science :: Public library of science journals :: Public Library of Science Journals :: Public Libray of Science
Charles Blé Goudé :: Charles Ble Goude
1992–93 Belgian Hockey League season :: 1992-93 Belgian Hockey League season
María Juan Millet :: Maria Juan Millet
Freedom Communications :: Freedom Communications Inc. :: Freedom Communications, Inc. :: Freedom Newspapers :: Irvine World News
Safeword :: Safety word :: Safe word :: Safewords
George Countess :: Rear Admiral George Countess :: Rear-Admiral George Countess
Stuart Rose :: Sir Stuart Rose :: Stuart Alan Ransom Rose
Galleon Group :: Galleon
Blackburn Rovers F.C. :: Blackburn FC :: Blackburn F.C. :: Blackburn Roavers F.C. :: Blackburn Rovers :: Blackburn Rovers FC :: Blackburn Rovers F C :: Blackburn Rovers F.C :: Blackburn Rovers F. C. :: Blackburn Rovers Football Club
Weligama Divisional Secretariat :: Weligama Divisional Secretary's Division
Harvey Pekar :: Harvey Lawrence Pekar :: Harvey Pecar :: Pekar
Ruan, County Clare :: Ruan County Clare
U.S. High Speed Rail Association :: U.S. High Speed Rail
Green Clay Smith :: G. Clay Smith :: G. C. Smith :: Green C. Smith :: Green Smith
Tamaihia Lynae Moore :: The child
Laurent Fignon :: Fignon
Christopher Bollyn :: Finis Christopher Bollyn
National Initiative Party :: Partidul Inițiativa Națională
International Agency for Research on Cancer :: Statute of the International Agency for Research on Cancer
DCNS :: Direction des constructions navales :: Direction des Constructions Navales :: Direction des Constructions Navales Services :: Directions Techniques Des Constructions Naval
Don Hewitt :: Donald Shepard Hewitt
Pearl Index :: Pearl index :: Pearl Rate
Richard Gage :: Gage, Richard :: Richard J Gage :: Richard J. Gage :: Dick Gage
9/11 conspiracy theories :: 11/9 conspiration :: 9/11 alternative theories :: 9/11 Bush Administration complicity theory :: 9/11 complicity :: 9/11 complicity theories :: 9/11 complicity theory :: 9/11 conspiracies :: 911 conspiracy :: 9/11 conspiracy :: 9/11 Conspiracy :: 911 Conspiracy :: 9/11 conspiracy claims regarding Jews or Israel :: 9/11 conspiracy claims related to Jews and Israel :: 911 conspiracy theories :: 9-11 conspiracy theories :: 9/11 Conspiracy theories :: 9/11 Conspiracy Theories :: 9/11 Conspiracy Theories - Flight 93 :: 9/11 Conspiracy Theories - Pentagon :: 9/11 Conspiracy Theories - World Trade Centers :: 9/11 conspiracy theorist :: 9/11 conspiracy theorists :: 9/11 Conspiracy Theorists :: 911 conspiracy theory :: 9/11 conspiracy theory :: 9/11 Conspiracy theory :: 9/11 Conspiracy Theory :: 911 controversy :: 9/11 controversy :: 9/11 cover up :: 9/11 cover-up :: 9/11 domestic complicity allegations :: 9/11 domestic complicity conspiracy theories :: 9/11 domestic complicity theories :: 9/11 "domestic complicity" theories :: 9/11 domestic complicity theory :: 9-11 domestic conspiracy :: 9/11 domestic conspiracy theories :: 9-11 domestic conspiracy theory :: 9/11 domestic conspiracy theory :: 911 hoax :: 9/11 open questions :: 9-11 Truth :: 9/11 unofficial theories :: 9/11 U.S. complicity theories :: 9/11 World Trade Center Bombing US Government conspiracy :: 9/11 World Trade Center Bombing Zionist conspiracy :: Alternate theories on the September 11, 2001 attacks :: Alternative 9/11 theories :: Bush knew :: Bush knocked down the towers :: Claims of Israeli involvement in 9/11 :: Conspiracy theories about 9/11 :: Conspiracy theories claiming involvement by Zionists or Jews in the September 11, 2001 attacks :: Controlled-Demolition Theory :: Craig Ranke :: Flight 93 alternative theories :: Flight 93 conspiracy theories :: Flight 93 controversies and discrepancies :: LIHOP :: Misinformation and rumors about the September 11, 2001 attacks :: Misinformation and rumors about the September 11, 2001 terrorist attacks :: No-planer :: No-planers :: No-Plane Theory :: September 11, 2001 attacks conspiracy theories :: September 11, 2001 conspiracy theories :: September 11, 2001 Terrorist Attack/Misinformation :: September 11, 2001 Terrorist Attack/Misinformation and Rumors :: September 11, 2001 Terrorist Attack/US Government conspiracy :: September 11, 2001 Terrorist Attack/US Government Conspiracy :: September 11, 2001 Terrorist Attack/Zionist conspiracy theories :: September 11 conspiracy theories :: September 11th conspiracy theories :: The 9/11 Truth :: The Truth Behind 9/11 :: Unofficial 9/11 theories :: Wtc conspiracy :: Zionist conspiracy theories regarding the September 11, 2001 attacks :: Zionist conspiracy theories regarding the September 11, 2001 Attacks :: Zionist conspiracy theories regarding the September 11, 2001 Terrorist Attacks
Braulio Castillo, Jr. :: Braulio Castillo, hijo
Rhys Lloyd, Baron Lloyd of Kilgerran :: Rhys Lloyd, Baron Lloyd
Blohm & Voss BV 138 :: Blohm und Voss Bv 138 :: Blohm und Voss BV 138 :: Blohm & Voss 138 :: Blohm & Voss Bv 138 :: Blohm + Voss BV 138 :: Blohm+Voss BV 138 :: Blohm & Voss BV 138C-1 :: Blohm & Voss Ha 138 :: Bv 138 :: BV 138 :: BV-138 :: Ha 138 :: Hamburger Ha 138
Park Sung-wha :: Park Seong-Hwa :: Park Sung-hwa :: Park Sung-Hwa :: Park Sung-Wha
Anna Mae Aquash :: Anna Aquash :: Anna Mae Pictou :: Anna Mae Pictou Aquash :: Anna Mae Pictou-Aquash :: Annie Mae Aquash :: Annie Mae Pictou :: Annie Mae Pictou Aquash
Washington National Opera :: Opera Society of Washington :: The Washington National Opera :: The Washington Opera :: Washington Opera :: Washington Opera Society
Richard Nolte :: Richard H. Nolte
Stockholm International Peace Research Institute :: SIPRI :: Stockholm International Peace Institute
Sublimation sandwich method :: Sublimation sandwich process :: Sublimation sandwich technique
American Bankers Association :: ABA Banking Journal :: ABABJ :: American Bankers Assn :: American Bankers Association Banking Journal :: American Bankers Association Journal :: Bankers Association :: Journal of the American Bankers Association :: The ABA Banking Journal :: The ABABJ :: The American Bankers Association Banking Journal :: The American Bankers Association Journal
Anthony Marshall :: Tony Marshall :: Anthony D. Marshall
Philadelphia Military Academy at Leeds :: Philadelphia military academy at leeds
Gay Men's Health Crisis :: GMHC :: The Gay Men's Health Crisis
Vegetarian bacon :: Fakon :: Soy bacon :: Vegan bacon :: Veggie bacon
Bradford Washburn :: Brad Washburn :: Henry Bradford Washburn Jr.
Huntington Library :: Henry E. Huntington Library and Art Gallery :: Huntington Botanical Gardens :: Huntington Botanic Garden :: Huntington Gallery :: Huntington garden :: Huntington Gardens :: Huntington Library and Art Gallery :: Huntington Library, Art Collections and Botanical Gardens :: Huntington Library, Art Collections, and Botanical Gardens :: Huntington Library, Art Gallery, and Botanical Gardens :: The Huntington :: The Huntington Library :: The Huntington Library, Art Collections, and Botanical Gardens
Travis :: Charla nash :: Charla Nash :: Jerome Herold :: Killer chimp :: Sandra Herold :: Sandy Herold :: Travis band :: Travis incident :: Travis the Chimp
Focus on the Family :: 80995 :: Boundless webzine :: Boundless Webzine :: CitizenLink :: Focus Action :: Focus on the family :: Focus On The Family :: Focus on the family action :: Focus on the Family Action :: Focus on the family institute :: Focus on the Family Institute :: Focus on the Family New Zealand :: Focus on the Family Radio Theatre :: Focus on the Family's Radio Theatre :: Focus on the Family's Visitor's Welcome Center :: FotF :: FOTF
Farlington Halt railway station :: Farlington railway station :: Farlington Railway Station
Paul Clarke :: 
British Left :: British far left :: British left
East of the Moon :: East of the moon
Phaphlu :: Phaplu
Vaikom Viswan :: Viswan
2nd and King Station :: 2nd and King Street Station :: 2nd & King Station :: 2nd street and King Station
A123 Systems :: A123 :: A123Systems :: Battery range extender module :: Battery Range Extender Module :: A123 Systems Inc.
Milżyn :: Milzyn
GMB Class 71 :: BM71
Aerolíneas Argentinas :: Aerol :: Aerolinas Argentina :: Aerolineas Argentina :: Aerolíneas Argentina :: Aerolineas Argentinas :: Aerolineas Argentinas International :: Aerolineas Argentinas S.A. :: Aerolíneas Argentinas S.A.
Affirmative defense :: Affirmative Defense :: Affirmative defenses :: Positive defense
National Urban League :: Urban League
Oxford University Press :: Clarendon Paperbacks :: Clarendon Press :: Clarendon Press, Oxford :: Henry Frowde :: H. Frowde :: OUP :: Oup.com :: OUP.com :: OUP Oxford :: Oxford Bibles :: "Oxford Bibles" :: Oxford Clarendon Press :: Oxford English Dictionaries :: Oxford Journals :: Oxford Reference :: Oxford university press :: Oxford University press :: Oxford University Press Museum :: Oxford University Press US :: Oxford University Press USA :: Oxford University Press, USA :: Oxford Univ. Press :: Oxford UP :: Oxford U.P. :: The Clarendon Press :: University of Oxford Press
Chênggo :: Changguo :: Chenggo
Bill Goodfellow :: William Arthur Goodfellow
Lambrook :: Lambrook Haileybury
Arsenal Football Club :: Arsenal
William Stevens House :: Stevens, William, House
Bartletts Harbour :: Bartletts Harbour, Newfoundland and Labrador
Cristian Ianu :: Cristian Florin Ianu
Marshyangdi :: Marsyandi :: Marsyangdi
Robert McNair :: Robert E. McNair
Archosauromorpha :: Archosauromorph :: Archosauromorphs
American Ghosts and Old World Wonders :: American ghosts and old world wonders
Mate Granić :: Mate Granic
Frank Baldino Jr. :: Baldino
SV Wienerberg :: SV Wienerberger
Augustus F. Hawkins :: Augustus F. Hawkins Natural Park :: Augustus Freeman "Gus" Hawkins :: Augustus Freeman (Gus) Hawkins :: Augustus Freeman Hawkins :: Augustus Hawkins :: Gus Hawkins
Postage stamps and postal history of Burkina Faso :: Postage stamps and postal history of Upper Volta
Progressive rock :: 1970's British progressive rock band :: Concept rock :: Conceptual rock :: FM Rock :: Neo-classical rock :: New prog :: New Prog :: New progressive :: New-progressive rock :: Nu prog :: Post-prog :: Post-Progressive :: Prog :: Progressive pop rock :: Progressive Rock :: Progressive rock band :: Progressive rock'n'roll :: Progrock :: Prog rock :: Prog-rock :: Prog Rock :: Rock fusion :: Scientific rock :: Technical rock
Merce Cunningham :: Mercier Philip Cunningham
Bhai Mohkam Singh :: Bhai Mohkam Chand :: Bhai Mukham Singh :: Mohkam
Ghemeș River :: Ghemes River :: Ghemeş River
Economic Cooperation Organization :: Economic Co-operation Organisation :: Economic Cooperation Organisation :: ECOTA
Kurt Waldheim :: Kurt Josef Waldheim :: Kurt Valdheim :: Waldheimer's disease
Maximilian Ronge :: Max Ronge
Étival :: Etival
2006 Women's Rugby World Cup :: 2006 womens rugby world cup :: Women's Rugby World Cup 2006
Sheller-Globe Corporation :: Victoreen :: Victoreen Instrument Company
Abdul Aziz al-Hakim :: Abd al-Aziz al-Hakim :: Abd al-Aziz Hakim :: Abdel Aziz al-Hakim :: Abdel-Aziz al-Hakim :: Abdel Aziz Hakim :: Abdel-Aziz Hakim :: Abdul Aziz al Hakim :: Abdul-Aziz al-Hakim :: Abdul Aziz Al-Hakim :: Abdul-Aziz Al-Hakim :: Abdul Aziz Hakim
Benjamin Chertoff :: Ben Chertoff
Andrew E. Lange :: Andrew Lange
John Roslyn Garnet :: J. Ros Garnet :: Ros Garnet
Amanda Knox :: Amanda knox :: Amanda Knox s :: Foxy Knoxy :: Waiting to be Heard
Union Boat Club :: Union Boat Club boathouse
Vlora Çitaku :: Vlora Citaku
American Association for the Advancement of Science :: American association for the advancement of science :: American Association for the Advancement of Sciences :: Eurekalert! :: EurekAlert! :: Proceedings of the AAAS :: The American Association for the Advancement of Science
Nowy Kadłubek :: Nowy Kadlubek
St. Mary's Church, Fuhlsbüttel, Hamburg :: St. Mary's :: St. Mary's Church, Fuhlsbuettel, Hamburg :: St. Mary's Church, Fuhlsbuttel, Hamburg
Between Seventeen and Twenty :: Between seventeen and twenty
Thomas Joseph Meskill :: Meskill :: Thomas J. Meskill :: Thomas Meskill :: Thomas Joseph Meskill Jr.
Radiation-dominated era :: Radiation-Dominated :: Radiation-Dominated Era :: Radiation era
Adam Goldstein :: Adam "DJ AM" Goldstein :: Adam Michael Goldstein :: DJ AM :: DJ A.M. :: D.J. A.M.
American Psychiatric Association :: American Psychiatric Assocation :: American Psychiatric Pub :: American Psychiatric Publishing :: American Psychiatric Publishing, Inc. :: American Psychiatry Association :: Psych.org :: The American Psychiatric Association
Professional Ski Instructors of America & American Association of Snowboard Instructors :: American Association of Snowboard Instructors :: Professional Ski Instructors of America :: PSIA-AASI
Organization of Asia-Pacific News Agencies :: OANA :: Organisation of Asian and Pacific News Agencies :: Organisation of Asia-Pacific News Agencies :: Organization of Asian and Pacific News Agencies :: Organization of Asian News Agencies
Catherine of Hungary, Queen of Serbia :: Catherine of Hungary
Parren Mitchell :: Parren James Mitchell :: Parren J. Mitchell
Konica Minolta AF DT 11-18mm f/4.5-5.6 (D) lens :: Sony Alpha DT 11-18mm f/4.5-5.6 lens
The Starr Foundation :: Star foundation :: Starr foundation :: Starr Foundation :: The starr foundation
Matteo Messina Denaro :: Francesco Messina Denaro :: Matteo Denaro :: Messina Denaro :: The Denaro Family
Asian Development Bank :: Agreement establishing the Asian Development Bank :: AsDB :: ASDB :: Asia Development Bank
Nigeria Police Force :: Law enforcement in Nigeria :: Nigerian police :: Nigerian Police :: Nigerian police force :: Nigerian Police Force :: Nigeria Police
USS Zellars :: DD-777 :: Iranian destroyer Babr
Blohm & Voss BV 138 :: Blohm und Voss Bv 138 :: Blohm und Voss BV 138 :: Blohm & Voss 138 :: Blohm & Voss Bv 138 :: Blohm + Voss BV 138 :: Blohm+Voss BV 138 :: Blohm & Voss BV 138C-1 :: Blohm & Voss Ha 138 :: Bv 138 :: BV 138 :: BV-138 :: Ha 138 :: Hamburger Ha 138
Champalimaud Foundation :: Champalimaud Centre for the Unknown :: Champalimaud
Belle and Sebastian discography :: Belle & Sebastian discography :: Belle & Sebastian Discography
Kabir Ahmad Jaisi :: Professor kabir ahmad jaisi
Woodsville Interchange :: Woodsville Flyover
Jefferson J. DeBlanc :: Jeff DeBlanc :: Jefferson DeBlanc :: Jefferson J. de Blanc :: Jefferson J. Deblanc :: Jefferson J. De Blanc :: Jefferson Joseph DeBlanc
ConAgra Foods :: Alva Kinney :: Conagra :: ConAgra :: Con-Agra :: Conagra Foods :: ConAgra Foods Inc. :: ConAgra Foods, Inc. :: ConAgra Foods Incorporated :: Lamb Weston :: Monfort of Colorado :: Nebraska Consolidated Mills :: Singleton Packing
Philip Mayer Kaiser :: Philip Kaiser
Maria Kaczyńska :: Kaczynska :: Kaczyńska :: Maria Kaczynska :: Maria Kaczyński
Randall Forsberg :: Randall W. Forsberg :: Randall Caroline Watson :: Randall Watson :: Randall Caroline Forsberg
Abu Daoud :: Mohammad Daoud Oudeh :: Mohammad Oudeh :: Mohammed Oudeh :: The 73 -year-old Palestinian nationalist
Gymnastics at the 1972 Summer Olympics – Men's floor :: Gymnastics at the 1972 Summer Olympics - Men's floor
Framwellgate Bridge :: Framwelgate Bridge
Juanita Millender-McDonald :: Juanita McDonald
Muhammad Sayyid Tantawy :: Mahmood Saeed al-Tantawi :: Mohammad Sayed Tantawi :: Mohammed Sayed Tantawi :: Muhammad Sayid Tantawy :: Muhammad Sayyid Tantawi :: محمد سيد طنطاوى
Meads Cup :: Meads cup
P.S. Longer Letter Later :: PS Longer Letter Later :: P S Longer Letter Later :: P. S. Longer Letter Later
China Banking Regulatory Commission :: Banking Regulatory Commission :: CBRC
Glabella reeveana :: Marginella reeveana
Datura inoxia :: Datura innoxia :: Datura meteloides :: Toloache :: Toloachi :: Toloatzin
Marcus Pløen :: Marcus Ploen
Steven Derounian :: Steven B. Derounian :: Steven Boghos Derounian
Claude Chabrol :: Chabrol
Pârâul Neamțului :: Paraul Neamtului :: Pârâul Neamţului
Carnival Corporation & plc :: Astamar :: Carnival Australia :: Carnival Corp :: Carnival Corp. :: Carnival Corporation :: Carnival Corporation & Plc :: Carnival Corporation & PLC :: Carnival group :: Carnival Group :: Carnival plc :: Carnival UK :: P&O Group
Access Industries :: Access :: Access Industries Holdings
Gałąźnia Mała :: Galaznia Mala
International Water Management Institute :: IWMI
River Road Asset Management :: River Road
Łapsze Niżne :: Lapsze Nizne
LGBT rights in Puerto Rico :: Gay rights in Puerto Rico
Girija Prasad Koirala :: GP Koirala :: G.P. Koirala :: G. P. Koirala :: गिरिजा प्रसाद कोइराला
Chu Hsi-ning :: Zhu Xining
A Wheel Within a Wheel :: A Wheel Within A Wheel
Stepas Butautas :: Stepas Brutautas
Jimon and Sammon :: Jimon
Beverly Sills :: Belle Silverman :: Beverley Sills :: Beverly sills :: Silverman
Delray Beach, Florida :: Delray Beach, Fl :: Delray Beach FL :: Delray Beach, FL :: Del Ray Beach, FL :: Delray Beach, Fla. :: Delray, FL :: Delray, Florida :: Tennis Beach :: Tennis Beach, FL :: Tennis Beach, Florida :: UN/LOCODE:USDEY
Jennifer Dunn :: Jennifer B. Dunn :: Jennifer Blackburn Dunn
Constance Song :: Song Yifei
Enantiornis :: Enantiornis leali :: Enantiornis martini :: Enantiornithidae :: Enantiornithiformes
Delphyre :: Nodoza
Yellow-bridled finch :: Melanodera xanthogramma :: Yellow-bridled :: Yellow-bridled Finch
Taizo Ichinose :: Taizo ichinose
Charles Gwathmey :: Gwathmey Siegel
Benoit Mandelbrot :: Benoit B. Mandelbrot :: Benoît B. Mandelbrot :: Benoit Mandelbrodt :: Benoit mandelbrot :: Benoît mandelbrot :: Benoît Mandelbrot :: Benoit Mandlebrot :: B. Mandelbrot
Yolanda King :: Yolanda Denise King :: Yolanda D. King
International Crisis Group :: Africa report :: Africa Report :: Crisis Group :: International crisis group :: International Crisis group
Young British Dancer of the Year :: Young British Dancer of the Year Competition
Koraleigh :: Koraleigh, New South Wales
State-owned Assets Supervision and Administration Commission :: Guówùyuàn guóyǒuzīchǎn jiāndū guǎnlǐ wěiyuánhuì :: Guó zīwěi :: SASAC :: State-Owned Assets Supervision and Administration Commission :: State-owned Assets Supervision and Administration Commission of the State Council :: State-Owned Assets Supervision and Administration Commission of the State Council :: The State-owned Assets Supervision and Administration Commission of the State Council :: 国务院国有资产监督管理委员会 :: 国资委 :: 國務院國有資產監督管理委員會 :: 國資委
Julius Baer Group :: Bank Julius Baer :: JuliusBaer :: Julius Baer :: Julius Bär :: Julius Bar Group :: Julius Bär Group
Choerosaurus :: Choerosaurus dejageri
Irish Nationwide Building Society :: Irish Nationwide :: IRISH NATIONWIDE BUILDING SOCIETY
Teddy Kollek :: Kollek Tivadar :: Teddy Kolek :: Theodore Kollek :: Theodor Kollek :: טדי קולק
Luogang, Meizhou :: Luogang Town, Meizhou :: Luogang, Xingning, Guangdong
Pascal Yoadimnadji :: Pascal Yoadimadji
Chen Tao :: God Saves the Earth Flying Saucer Foundation :: God's Salvation Church :: Hon-Ming Chen :: Teacher Chen :: True Way Cult
Samoklęski, Podkarpackie Voivodeship :: Samoklęski :: Samokleski, Podkarpackie Voivodeship :: Samokleski, Subcarpathian Voivodeship :: Samoklęski, Subcarpathian Voivodeship
Latin American Parliament :: Parlatino :: Treaty of Institutionalization :: Central American Parliament :: PARLACEN
De duivel :: De Duivel
Frederick Thomas Trouton :: Frederick Trouton :: Trouton
Rommel Fernández :: Rommel Fernandez
Catharine Furbish :: Catherine Furbish :: Kate Furbish
Büyükkavaklı, Adıyaman :: Buyukkavakli, Adiyaman
Imagawa Yoshitada :: Yoshitada Imagawa
Osman Türkay :: Osman Tuerkay :: Osman Turkay
The Good Broker, LLC :: The Good Broker
Ramazan Bashardost :: Bashardost
Jo Ann Davis :: Jo A. Davis :: JoAnn Davis :: Jo Ann S. Davis
Carnival Cruise Lines :: Carnival cruise :: Carnival Cruise :: Carnival cruise line :: Carnival Cruise Line :: Carnival Cruiselines :: Carnival Cruises :: Carnival Pinnacle :: Carnival ship
Bank of America Home Loans :: Bank of america home loans :: Bank of America HOme Loans :: Countrywide Bank :: Countrywide Credit Industries :: Countrywide Credit Industries, Inc. :: Countrywide Financial :: Countrywide Financial and subprime mortgage crisis :: Countrywide Financial Corp :: Countrywide Financial Corp. :: Countrywide Financial Corporation :: Countrywide Securities Corporation
Dance Theatre of Harlem :: Dance Theater of Harlem :: Dance theatre of harlem
Escada :: ESCADA :: Sunset Heat
bestpartyever.com :: BestPartyEver.com
Bangladesh Awami League :: Awamileague :: Awami League :: Bangladesh Awami League Party :: Bangladesh People's League :: East Pakistan Awami League
There Goes Rhymin' Simon :: Saint Judy's Comet :: St. Judy's Comet
NCH Software :: Nch software
Demenika :: Deménika :: Demenika, Greece :: Deménika, Greece
Ellie Greenwich :: E. Greenwich :: Eleanor Greenwich :: Eleanor Louise Greenwich :: Ellie Gay :: Ellie Gaye
Well intervention :: Well interventions :: Well-servicing :: Well work
South Texas Botanical Gardens & Nature Center :: Corpus christi botanical gardens and nature center :: Corpus Christi Botanical Gardens and Nature Center
MTC Technologies :: MTC
Jane Bolin :: Jane bolin :: Jane Mathilda Bolin :: Jane Matilda Bolin :: Jane M. Bolin
1998 Australia rugby union tour :: 1998 Wallabies Spring tour
Gayle Mill, South Carolina :: Gayle Mill, SC
Zacharia, Democratic Republic of the Congo :: Zacharia, North Kivu
Radek Bejbl :: Bejbl
Mark Fisher :: Fisher, Mark :: Mark Fisher architect
Robert J. Frankel :: Bobby Frankel :: Robert Jules Frankel
Mary D. Crisp :: Mary Crisp :: Mary Dent Crisp
National Restaurant Association :: National Restaurant Association Educational Foundation
John de Graham :: John de Graeme :: John Graham :: Sir John Graham
Dudu Topaz :: David Goldenberg :: דודו טופז
Brenda Combs :: Brenda combs
Jamie Leigh Jones :: Eric Iler :: Jamie Lee Jones
Keli McGregor :: Keli mcgregor :: Keli S McGregor :: Keli S. McGregor
Welwyn Hatfield Borough Council :: Welwyn Hatfield District Council
Menil Collection :: The Menil Collection
Sparky Anderson :: George Lee Anderson :: George Lee "Sparky" Anderson :: George Sparky Anderson
Marbled darter :: E. marmorpinnum :: Etheostoma marmorpinnum
Alan Phillip Gross :: Alan Gross
Aliabad, Qaleh Zari :: Aliabad-e Sarchah
Nils Bäckström :: Nils Backstrom
Sainte-Agnès, Jura :: Sainte-Agnes, Jura
High Point Church :: HighPoint Church
North Battleford/Hamlin Airport :: CJD4
Live in Action :: Live in Action(album)
Wayman Tisdale :: Wayman Lawrence Tisdale :: Wayman tisdale :: Waymon Tisdale
Topray Solar :: Topray Solar Co. Ltd.
Apple Advanced Technology Group :: Advanced Technology Group :: Apple ATG :: Apple's Advanced Technology Group
Joint Victory Campaign 2004 :: Joint Victory Campaign
Parastatistics :: Paraboson :: Parabosons :: Parafermion :: Para-fermion :: Parafermions
ALICO Building :: ALICO :: ALICO building
Saudi Oger :: Oger Telecom
Justice and Equality Movement :: Justice And Equality Movement :: Justice & Equality Movement
Tahawwur Hussain Rana :: Tahawwur Rana :: Tawahur Rana
Google, Inc. v. American Blind & Wallpaper Factory, Inc. :: Google, Inc. v. Am. Blind & Wallpaper Factory :: Google v american blind :: Google v. american blind :: Google v american blind and wallpaper factory :: Google v. american blind and wallpaper factory
Adam Yahiye Gadahn :: Adam Gadahn :: Adam Gadan :: Adam Godan :: Adam Pearlman :: Adam Yehiye Gadahn :: Azzam al Amriki :: Azzam al-Amriki :: Azzām al-Amrīki :: 'Azzām al-Amrīki :: Azzam American :: Azzam the american :: Azzam the American :: Ezzam Al-Americee :: Ezzam Al-Amerikee :: Gadahn :: آدم يحيى غدن
Scrapblog :: scrapblog :: Scrap , Blog
St Mary's Cathedral Church :: St Mary's Church, Auckland
St Augustine Academy, Maidstone :: St Augustine Academy :: The astor of hever school :: The Astor of Hever School :: The St. Augustine Academy
Wyndham Halswelle :: Wyndam Halswelle
François Thurot :: Francis Thurot :: Francois Thurot
Platysphinx constrigilis :: Ambulyx constrigilis :: Platysphinx bituberculatus :: Platysphinx lemoulti
Tonopah, Arizona :: Tonopah, AZ
Vyacheslav Nevinny :: Vyacheslav Nevinniy :: Vyacheslav Nevinnyy
Michael Deaver :: Michael K. Deaver :: Mike Deaver
Cuban Marimba Band :: Cuban Marimba
Bimal Jalan :: Dr.Bimal Jalan :: Dr. Bimal Jalan
Eternity: Love & Songs at Billboard Live :: Eternity ~Love & Songs~ at Billboard Live
Carolyn Goodman :: Carolyn G. Goodman :: Carolyn Drucker :: Carolyn Elizabeth Drucker
National Congress of American Indians :: National congress of american indians :: NCAI
Stardust Crusaders :: Alessi :: Anubis :: Arabia Fats :: Cameo :: Cujoh Jotaro :: Daniel J. D'Arby :: Devo the cursed :: Devo the Cursed :: Enya Gail :: Enya Geil :: Gray Fly :: Hol Horse :: Holly Joestar :: Holly Joestar/Kujo :: Iggy :: Jean Pierre Polnareff :: Jean-Pierre Polnareff :: J. Geil :: JoJo's Bizarre Adventure Part 3 :: Jotaro Cujoh :: Jotaro Kujo :: Kakyoin :: Kenny G :: Kujo Jotaro :: Kūjō Jōtarō :: Mannish Boy :: Mariah :: Midler :: Mohammed Abdul :: Mohammed Avdol :: Muhammad Avdol :: Muhammed Avdol :: N'Dour :: Noriaki Kakyoin :: Nukesaku :: Oingo and boingo :: Oingo and Boingo :: Pet Shop :: Rubber Soul :: Runaway Girl :: Star Platinum :: Steely Dan :: Vanilla Ice :: ZZ :: 空条 承太郎
HMCS Vancouver :: HMS Toreador
Kybalion :: Mental transmutation :: Mind transmutation :: Mystic philosophy :: Mystic psychology :: Principle of Cause and Effect :: Principle of Correspondence :: Principle of Gender :: Principle of Mentalism :: Principle of Polarity :: Principle of Rhythm :: Principle of Vibration :: The Kybalion :: The Three Initiates :: Three Initiates
Chamarea :: Schlechterosciadium
Arcandor :: Arcandor AG :: KarstadtQuelle :: Karstadt Quelle :: KarstadtQuelle AG :: Karstadt Quelle AG :: Karstadt Warenhaus :: Quelle AG :: Quelle Versand
American Psychological Association :: American Psychological Association Monitor :: American Psychological Association Publications :: American Psychological Association's (APA) ethical standards :: American Psychological Foundation :: American Psychology Association :: Magination Press :: Monitor on Psychology :: Psychologically Healthy Workplace :: Teaching of Psychology
Complex conjugate :: Complex conjugacy :: Complex Conjugate :: Complex conjugation :: Conjugate complex
Alcatel-Lucent :: Alcatel :: Alcatel Alenia :: Alcatel-Alsthom :: Alcatel cellular telephones :: Alcatel Lucent :: Alcatel Lucent 7750 Service Router :: Alcatel-Lucent USA :: Alcatel Marine :: Alcatel phones :: Compagnie General d'Electricite :: Compagnie Général d'Electricité :: Compagnie General D'Electricitie :: Compagnie Generale d'Electricite :: Compagnie Générale d'Electricité :: Compagnie Generale d'Electricitie :: Compagnie Générale d'Electricitié :: Lucent-Alcatel :: TiMetra
Barnes Foundation :: Barnes collection :: Barnes Foundation of Philadelphia :: Barnes Museum :: The Barnes Foundation
Blake Edwards :: Edwards, Blake :: William Blake Crump
Sheila Dixon :: Shiela Dixon
Washington Daily News :: Daily News
Princess of Hohenlohe-Langenburg :: Princess consort of Hohenlohe-Langenburg
Rosoboronexport :: Rosoboronexport State Corporation :: Rosvooruzhenie
António Zambujo :: Antonio Zambujo
Abies firma :: Momi Fir
Citroën BX :: Citroen bx :: Citroen BX :: Citroen BX16 :: Citroën BX 16V
Rapiscan Systems :: Rapiscan
Everything in Its Right Place :: Everything in its right place :: Everything in its Right Place :: Everything In Its Right Place
Afriqiyah Airways Flight 771 :: 5A-ONG :: 8u771 :: 8U771 :: 8u 771 :: 8U 771 :: AA771 :: AAW771 :: AAW 771 :: AFRIQIYAH 771 :: Afriqiyah Airways 771 :: Afriqiyah Airways A330 crash :: Afriqiyah Airways A330 Crash :: Afriqiyah Airways Flight 771 Tragedy :: Afriqiyah airways flight 8u 771 :: Afriqiyah Airways flight 8U771 :: Afriqiyah Airways Flight 8U771 :: Afriqiyah Airways Flight BU771 :: Afriqiyah Flight 771 :: Afriqiyah Flight 771 crash :: Berry van Assouw :: Flight 8U771 :: Flight 8u 771 :: Flight 8U 771 :: FLIGHT 8U 771 :: Flight Afriqiyah Airways 771 :: Flight Crash 8U771 :: Flight Crash 8U 771 :: Frans Dreyer :: Norbert Taferner :: Robert Edward Webber :: Ruben van Ashout :: Ruben van Assouw :: Ruben Vanassouw :: Ruben Van assouw :: Yousef Bashir Al-Saadi
David G. Burnet :: David Gouverneur Burnet
Héloïse d'Argenteuil :: Heloiïse :: Heloise :: Heloïse :: Héloise :: Héloïse :: Heloise and Abelard :: Héloise and Abelard :: Heloise Arnd Hse :: Heloise d’Argenteuil :: Héloïse d’Argenteuil :: Letters of Abelard and Heloise :: The Letters of Abelard and Heloise
Lipinki Łużyckie :: Lipinki Luzyckie
National Taiwan Symphony Orchestra :: Taiwan Symphony Orchestra
Don Meredith :: Dandy Don Meredith :: Turn out the lights, the party's over
Tadmaït :: Tadmait
Lakshmi Gopalaswamy :: Lakshmi Gopalaswami :: Lakshmi Goplaswami :: Laxmi Gopalaswamy
Nenè Geraci :: Nene Geraci
Kalloori :: Kallori :: Kaloori
Man o' War Boulevard :: Kentucky Route 1425 :: KY 1425 :: Man O War Boulevard
Murder of Robert Kissel :: Milkshake murder :: Nancy Kissel :: Nancy Kissel murder case :: Robert Kissel :: Robert Kissel murder case
Swiss Bankers Association :: Swissbanking
Yoon Seok-ho :: Yoon Seok-Ho :: Yoon Suk-ho :: Yun Suk Ho
Acidilobus :: Acidilobaceae
ADF :: Adf
Mike Mignola :: Michael Joseph Mignola :: Michael Mignola
Mealy machine :: Mealey machine :: Mealy :: Mealy automaton :: Mealy Machines :: Mealy state machine
Kerching! :: Kerching
Oscar Peterson :: Advanced School of Contemporary Music :: In the Key of Oscar :: Oscar Emmanuel Peterson :: Oscar Petersen :: Oscar peterson :: Oscar Peterson Trio
Neşat Gülünoğlu :: Nesat Gulunoglu :: Nesat Gülünoğlu
Deep cervical artery :: Arteria cervicalis profunda :: Profunda cervicalis
InterContinental Hotels Group :: Intercontinental Hotel Group :: Intercontinental Hotels :: InterContinental Hotels :: Inter-Continental Hotels :: Intercontinental Hotels Group :: Intercontinental Hotels Group plc :: InterContinental Hotels Group plc :: InterContinental Hotels Group PLC :: Priority Club :: Priority Club Rewards :: The InterContinental Hotels Group
Be Good or Be Gone :: Be good or be gone
Dominick Dunne :: Dominck dunne :: Dominck Dunne :: Dominic Dunne :: Dominick John Dunne
American Bar Association :: American Bar Assn.
Prasino, Arcadia :: Prásino, Arcadia :: Prasino (Arcadia), Greece :: Prásino (Arcadia), Greece :: Prasinon, Arcadia :: Prásinon, Arcadia :: Prasinon (Arcadia), Greece :: Prásinon (Arcadia), Greece :: Prassino, Arcadia :: Prássino, Arcadia :: Prassino (Arcadia), Greece :: Prássino (Arcadia), Greece :: Prassinon, Arcadia :: Prássinon, Arcadia :: Prassinon (Arcadia), Greece :: Prássinon (Arcadia), Greece
Ahmed Rashid :: Rashid, Ahmed
Lucille Clifton :: Thelma Lucille Sayles
Asia Bibi blasphemy case :: Aasiya Bibi :: Asia Bibi
Bipartisan Policy Center :: Bipartisan policy center
Burlington Northern Santa Fe Corporation :: Burlington Northern Santa Fe C :: Burlington Northern Santa Fe Corp.
Dockyard railway station :: Dockyard station
Chongqing gang trials :: Caiping Xie :: Cai-Ping Xie :: Chóngqìng dǎ hēichú è zhuānxiàng xíngdòng :: Chongqing public trials :: Xie Caiping :: Xie Cai-Ping :: 重庆打黑除恶专项行动 :: 重慶打黑除惡專項行動
Michele Richardson :: Michelle Richardson
STX Finland :: Aker Finnyards :: Finnyards :: Kvaerner Masa Yards :: Kvaerner Masa-Yards :: Kværner Masa-Yards :: Masa Yards :: Masa-Yards :: Permo shipyard :: STX Finland Cruise Oy :: STX Finland Oy :: Turku New Shipyard :: Waertsilae Shipyard :: Wartsila Shipyard :: Wärtsilä Shipyard
André Carson :: Andre Carson :: Andre D. Carson :: André D. Carson
National Development and Reform Commission :: Chairman of the National Development and Reform Commission :: China's Planning Agency :: China's State Planning Commission :: Chinese State Planning Commission :: Guójiā Fāzhǎn hé Gǎigé Wěiyuánhuì :: National Coordination Committee on Climate Change :: National development and reform commission :: National Development and Reform Committee :: National Energy Administration :: Office of National Coordination Committee on Climate Change :: State Capital Construction Commission :: State Council Office of Economic System Reform :: State Development and Planning Commission :: State Development and Reform Commission :: State Development Planning Commission :: State Development Reform Commission :: State Economic and Trade Commission :: State Economic and Trading Commission :: State Economic Commission :: State Machine-Building Industry Commission :: State Planning Commission of China :: State Planning Commission of the People's Republic of China :: The National Development and Reform Commission :: 国家发展和改革委员会 :: 國家發展和改革委員會
Sorkheh Dizaj, East Azerbaijan :: Sirkhazach
General Archive of the Spanish Civil War :: Archivo General de la Guerra Civil Española
Ronnie James Dio :: Dick Bottoff :: James Dio :: Padavona :: Ronald James Padavona :: Ronald J. Padavona :: Ronald Padavona :: Ronnie and the Red Caps :: Ronnie And The Red Caps :: Ronnie Dio :: Ronnie Dio and the Prophets :: Ronnie & The Rumblers :: The Vegas Kings :: Wendy Dio
Paul Gray :: Paul Dedrick Gray :: Paul Grey
American Beverage Association :: American Bottlers of Carbonated Beverages :: National Soft Drink Association
Vitaly Ginzburg :: Vitalij Lazarevics Ginzburg :: Vitaly Lazarevich Ginzburg :: Vitaly L. Ginzburg :: V. L. Ginzburg :: Вита́лий Ла́заревич Ги́нзбург :: Виталий Лазаревич Гинзбург
Norwegian University of Science and Technology :: Norges Teknisk-Naturvitenskapelige Universitet :: Norwegian university of science and technology :: Norwegian University of Science & Technology :: Norwegian University of Technology and Science :: Norwegian Univ. of Science & Technology :: University of Trondheim :: NTNU
Progressive Democrats of America :: Progressive democrats of america
Paul Gillmor :: Paul E. Gillmor :: Paul Eugene Gillmor :: Paul Gilmor
New Life Children's Refuge case :: Jorge Puello :: Laura Silsby :: New Life Children’s Refuge :: New Life Children’s Refuge case
Attenti Holdings :: Attenti
Modularity of mind :: Mental module :: Modularity of Mind :: Modularity of the mind :: Modular mind
